client_id,company,sector,fiscal_year_end,report_currency,revenue_reported_m,revenue_basis,revenue_zar_m,cogs_zar_m,inventory_zar_m,total_debt_zar_m,foreign_revenue_share,sa_attribution_share,source_quality,source
E01,BHP Group,mining,2025-06-30,USD,51300,Group revenue,917244,,,230652,0.98,0.05,reported,https://www.investegate.co.uk/announcement/rns/bhp-group-limited-npv-di---bhp/bhp-fy2025-results-announcement/9062185
E02,Glencore,mining,2025-12-31,USD,230900,Trading-led revenue (marketing turnover; not comparable to producer revenue),4128492,,,200256,0.99,0.03,reported,https://www.glencore.com/media-and-insights/news/preliminary-results-2025
E03,Anglo American,mining,2025-12-31,USD,27100,Group revenue (continuing ops USD 18.5bn),484548,,,153768,0.95,0.25,reported,https://www.angloamerican.com/media/press-releases/2026/20-02-2026
E04,AngloGold Ashanti,mining,2025-12-31,USD,9900,Group revenue,177012,,,0,0.92,0.15,reported,https://www.barchart.com/story/news/36042633/anglogold-ashanti-q3-and-nine-months-ended-30-september-2025-earnings-release-and-dividend-declaration
E05,Gold Fields,mining,2025-12-31,USD,8751,Group revenue,156468,,,25783,0.90,0.15,reported,https://www.goldfields.com/reports/q4-2026/results-for-the-group.php
E06,Valterra Platinum,mining,2025-12-31,ZAR,116400,Gross revenue,116400,87780,,,0.75,0.95,reported,https://www.valterraplatinum.com/media/press-releases/2026/25-02-2026
E07,OUTsurance Group,insurance,2025-06-30,ZAR,35994,P&C insurance revenue (IFRS 17),35994,,,,0.15,0.90,reported,https://group.outsurance.co.za/globalassets/documents/investor-relations/reports-and-results/2025/ogl-annual-results-sens-2025.pdf
E08,Sanlam,insurance,2025-12-31,ZAR,292015,Insurance revenue (IFRS 17) per consolidated income statement,292015,,,,0.30,0.75,reported,https://senspdf.jse.co.za/documents/2026/jse/isse/slm/FY25.pdf
E09,Shoprite Holdings,consumer,2025-06-29,ZAR,256700,Group revenue,256700,,,7000,0.12,0.88,reported,https://www.marketscreener.com/news/shoprite-annual-financial-statements-2025-ce7d5ad8da80f021
E10,Bid Corporation,consumer,2025-06-30,ZAR,235600,Group revenue,235600,,,,0.80,0.20,reported,https://www.bidcorpgroup.com/pdf/results/2025/annuals/sens.pdf
E11,Pepkor Holdings,consumer,2025-09-30,ZAR,95300,Group revenue,95300,57942,18300,,0.10,0.90,derived,https://pepkor.co.za/wp-content/uploads/Pepkor-reviewed-results-for-the-year-ended-30-September-2025.pdf
E12,Clicks Group,consumer,2025-08-31,ZAR,47800,Group turnover,47800,,,,0.02,0.98,reported,https://www.clicksgroup.co.za/wp-content/uploads/2025/10/CGL-2025-Annual-results-announcement.pdf
E13,NEPI Rockcastle,real_estate,2025-12-31,EUR,618,Net operating income,12484,,,,1.00,0.02,reported,https://nepirockcastle.com/nepi-rockcastle-posts-record-net-operating-income-in-2025/
E14,Prosus,tech,2025-03-31,USD,7181,Revenue from continuing operations,128396,,,,0.98,0.05,reported,https://www.prosus.com/~/media/Files/P/prosus-corp-v2/results-reports-and-events-archive/latest-results/fy-2025/prosus-financial-results-fy25-booklet.pdf
E15,Naspers,tech,2025-03-31,USD,7181,Revenue from continuing operations (same consolidated base as Prosus),128396,,,,0.95,0.10,reported,https://www.naspers.com/~/media/Files/N/Naspers-Corp-V2/results-reports-and-events-archive/latest-results/fy-2025/fy2025-summary-consolidated-financial-statement.pdf
E16,MTN Group,telecoms,2025-12-31,ZAR,218000,Service revenue,218000,,,29550,0.75,0.25,reported,https://mtn-investor.com/reporting/annuals-2025/results-overview.php
E17,Vodacom Group,telecoms,2025-03-31,ZAR,152200,Group revenue,152200,,,52000,0.45,0.55,reported,https://www.sharenet.co.za/v3/sens_display.php?tdate=20250519070500&seq=7
E18,The Bidvest Group,industrials_pharma,2025-06-30,ZAR,126600,Group revenue,126600,,,,0.25,0.75,reported,https://www.bidvest-reports.co.za/results/annual-2025/pdf/booklet.pdf
E19,Aspen Pharmacare,industrials_pharma,2025-06-30,ZAR,43400,Group revenue,43400,20311,,22100,0.80,0.20,derived,https://www.aspenpharma.com/aspen-building-momentum-with-revenue-up-10-to-r211-billion/
E20,Shaftesbury Capital,real_estate,2025-12-31,GBP,215,Annualised gross rental income,4967,,,,1.00,0.02,reported,https://www.shaftesburycapital.com/content/dam/shaftesbury/corporate/new-build/doucments/investor/results---reports/2025/fy-25-press-release.pdf.downloadasset.pdf
